<?xml version="1.0" ?>
<LOG_ROOT>
	<PROJECT NAME="DE1_Default">
		<CBX_INST_ENTRY INSTANCE_NAME="|DE1_Default|gpu_testbench:u3|EdgeRasterizer:rasterizer|lpm_mult:Mult11" CBX_FILE_NAME="mult_l8t.tdf"/>
		<CBX_INST_ENTRY INSTANCE_NAME="|DE1_Default|gpu_testbench:u3|EdgeRasterizer:rasterizer|lpm_mult:Mult2" CBX_FILE_NAME="mult_g8t.tdf"/>
		<CBX_INST_ENTRY INSTANCE_NAME="|DE1_Default|gpu_testbench:u3|EdgeRasterizer:rasterizer|lpm_mult:Mult6" CBX_FILE_NAME="mult_l8t.tdf"/>
		<CBX_INST_ENTRY INSTANCE_NAME="|DE1_Default|gpu_testbench:u3|EdgeRasterizer:rasterizer|lpm_mult:Mult1" CBX_FILE_NAME="mult_g8t.tdf"/>
		<CBX_INST_ENTRY INSTANCE_NAME="|DE1_Default|gpu_testbench:u3|EdgeRasterizer:rasterizer|lpm_mult:Mult10" CBX_FILE_NAME="mult_l8t.tdf"/>
		<CBX_INST_ENTRY INSTANCE_NAME="|DE1_Default|gpu_testbench:u3|EdgeRasterizer:rasterizer|lpm_mult:Mult3" CBX_FILE_NAME="mult_g8t.tdf"/>
		<CBX_INST_ENTRY INSTANCE_NAME="|DE1_Default|gpu_testbench:u3|EdgeRasterizer:rasterizer|lpm_mult:Mult5" CBX_FILE_NAME="mult_g8t.tdf"/>
		<CBX_INST_ENTRY INSTANCE_NAME="|DE1_Default|gpu_testbench:u3|EdgeRasterizer:rasterizer|lpm_mult:Mult7" CBX_FILE_NAME="mult_l8t.tdf"/>
		<CBX_INST_ENTRY INSTANCE_NAME="|DE1_Default|gpu_testbench:u3|EdgeRasterizer:rasterizer|lpm_mult:Mult9" CBX_FILE_NAME="mult_l8t.tdf"/>
		<CBX_INST_ENTRY INSTANCE_NAME="|DE1_Default|gpu_testbench:u3|EdgeRasterizer:rasterizer|lpm_mult:Mult0" CBX_FILE_NAME="mult_g8t.tdf"/>
		<CBX_INST_ENTRY INSTANCE_NAME="|DE1_Default|gpu_testbench:u3|EdgeRasterizer:rasterizer|lpm_mult:Mult4" CBX_FILE_NAME="mult_g8t.tdf"/>
		<CBX_INST_ENTRY INSTANCE_NAME="|DE1_Default|gpu_testbench:u3|EdgeRasterizer:rasterizer|lpm_mult:Mult8" CBX_FILE_NAME="mult_l8t.tdf"/>
	</PROJECT>
</LOG_ROOT>
